mens lace up shoes,Shoes
mens sweatshirts uk,Jumpers & Hoodies
hilfiger horloge,Watches & Jewellery
macys hilfiger hose,Trousers
sweater for men,Jumpers & Hoodies
macys hilfiger boxers,Underwear
mens polo tops,T Shirts
bikini,Swimwear
occhiali da sole donna,Accessories
espadrilles womens,Shoes
umhängetasche,Bags
gym bags for men,Bags
dames bikinibroekje,Swimwear
business-schuhe für herren,Shoes
sweatshirt für herren,Jumpers & Hoodies
mens suede brogues,Shoes
ladies v neck jumper,Jumpers & Hoodies
bootsschuhe hilfiger herren,Shoes
bottes pluie macys hilfiger,Shoes
macys kostuum,Clothes
womens clutch bag,Bags
womens cotton pajamas,Nightwear & Loungewear
mens tailored shirts,Shirts & Blouses
macys hilfiger sweatshirt,Jumpers & Hoodies
dames duffle tas,Bags
macys hilfiger kleid weiß,Dresses & Skirts
kleding voor vrouwen,Clothes
hilfiger hoodies,Jumpers & Hoodies
short de bain homme macys hilfiger,Swimwear
girls cardigans,Jumpers & Hoodies
donna collana,Watches & Jewellery
macys hilfiger bottines,Shoes
bruine dames mocassins,Shoes
scarpe bambine,Shoes
pantaloni donna tuta,Trousers
mutanda costume,Suits & Blazers
black straight jeans mens,Jeans
espadrilles men,Shoes
jeans da uomo,Jeans
ladies white trainers,Shoes
magliette polo uomo,Polos
zakelijke kleding vrouw,Clothes
mens custom suits,Suits & Blazers
newborn baby clothes,Clothes
espadrilles hoog,Shoes
womens black flat shoes,Shoes
pantaloni corti ragazzo,Trousers
cocktail kleider,Dresses & Skirts
orologio subacqueo donna,Watches & Jewellery
männer poloshirts,Polos
custom jackets for men,Coats & Jackets
gefütterte jacke herren,Coats & Jackets
kleding dames,Clothes
magliette donne,Tops
camicie casual da uomo,Shirts & Blouses
damen lange oberteile,Tops
mens casual short sleeve shirts,Shirts & Blouses
hilfiger broeken,Trousers
macys hilfiger mens duffle bag,Bags
teen boy sweatshirts,Jumpers & Hoodies
macys hilfiger jassen,Coats & Jackets
midi skater skirt,Dresses & Skirts
womens polo,Polos
sandalen damen kaufen,Shoes
macys hilfiger belt mens,Accessories
long t shirts mens,T Shirts
mens jeans shorts,Jeans
haut macys hilfiger,Tops
infradito donna macys hilfiger,Underwear
clutch,Bags
orecchini donna oro,Watches & Jewellery
khaki bomber jacket mens,Coats & Jackets
macys hilfiger chaquetas mujer,Coats & Jackets
womens trainers uk,Shoes
orecchini macys hilfiger,Watches & Jewellery
sneakers donna,Shoes
men scarfs,Accessories
nachtwäsche für damen,Nightwear & Loungewear
polo bianca bambino,Polos
meisjes baby,Clothes
macys hilfiger meisjes,Clothes
womens jumpers,Jumpers & Hoodies
stivali donna tacco alto,Shoes
hilfiger manschettenknöpfe,Accessories
macys hilfiger duft,Fragrances
baseball caps for women,Accessories
mens gilet,Coats & Jackets
macys hilfiger sunglasses for men,Accessories
hilfiger mocassins,Shoes
geldbeutel herren,Accessories
veste en jean femme macys hilfiger,Coats & Jackets
ladies satchel bag,Bags
womens shorts,Trousers
black leather loafers womens,Shoes
uomo zaino,Bags
damenschuhe keilabsatz,Shoes
macys hilfiger clutch,Bags
completo uomo gessato,Suits & Blazers
vrouwen top,Tops
mens scarves uk,Accessories
mens duffle bags,Bags
herren weste,Coats & Jackets
men's boxer briefs,Underwear
veste macys,Coats & Jackets
pigiama uomo invernale,Nightwear & Loungewear
ladies parka jacket,Coats & Jackets
hilfiger winterjacke,Coats & Jackets
ladies gym bag,Bags
costumi da bagno ragazzi,Swimwear
mode heren,Clothes
womens watch,Watches & Jewellery
damen reisetasche,Bags
pyjama heren,Nightwear & Loungewear
bomberjacke frauen,Coats & Jackets
macys hilfiger parfum,Fragrances
maglione grigio uomo,Jumpers & Hoodies
shorts for tall men,Trousers
hilfiger weste,Suits & Blazers
macys chaquetas,Coats & Jackets
schicke herrenschuhe,Shoes
hilfiger boat shoes,Accessories
skinny trousers womens,Trousers
cappotti donna,Coats & Jackets
hilfiger shoes,Shoes
mens boxer trunks,Underwear
duffle tasche,Bags
vrouwen sneakers,Shoes
cargohose herren,Trousers
night pants for ladies,Trousers
mens knee length socks,Socks & Tights
imitatie leren broek dames,Trousers
t shirts für frauen,T Shirts
macys hilfiger dames,Clothes
ballerinas,Shoes
mutande da donna,Underwear
leren rugzak,Bags
blazers for women,Suits & Blazers
macys hilfiger leather jacket,Coats & Jackets
macys hilfiger leren jacket,Coats & Jackets
hilfiger bags,Bags
sleepwear,Nightwear & Loungewear
macys hilfiger homme veste,Coats & Jackets
macys hilfiger shirts mens,Shirts & Blouses
striped shirt dress,Dresses & Skirts
veste macys hilfiger femme,Coats & Jackets
blue midi dress,Dresses & Skirts
nouvelle collection macys hilfiger homme,Clothes
haarband,Accessories
dames parka,Coats & Jackets
mens tassel loafers,Shoes
macys hilfiger duffle tas,Bags
jongens badmode,Swimwear
strickjacke herren lang,Jumpers & Hoodies
damen sonnenbrille,Accessories
ladies roll neck jumpers,Jumpers & Hoodies
zwart t-shirt heren,T Shirts
macys hilfiger garçon,Clothes
mens summer jackets,Coats & Jackets
high heels online,Shoes
french knickers,Underwear
womens slipper socks,Socks & Tights
female sunglasses,Accessories
fitted white shirt womens,Shirts & Blouses
abiti ragazza,Dresses & Skirts
scarpe per bambini,Shoes
macys hilfiger ledergürtel,Accessories
winterlaarzen voor dames,Shoes
panciotto,Suits & Blazers
stevige koffer,Bags
maglioncino,Jumpers & Hoodies
poloshirt stretch,Polos
sneakers da uomo,Shoes
women's handbags,Bags
womens midi skirt,Dresses & Skirts
ladies tee shirts,T Shirts
leren damesbroek,Trousers
sweatshirt für damen,Jumpers & Hoodies
zwarte enveloptas,Bags
parka dames,Coats & Jackets
frauen koffer,Bags
ladies loafer shoes,Shoes
ladies parka,Coats & Jackets
checked trousers womens,Trousers
macys polo shirts,Tops
formal maxi dresses,Dresses & Skirts
short de bain macys,Swimwear
bleistiftrock,Dresses & Skirts
mens suitcase,Bags
makeup bag,Bags
winter jackets for men,Coats & Jackets
womans clothing,Clothes
sweatshirts,Jumpers & Hoodies
felpe con cappuccio donna,Jumpers & Hoodies
pyjama voor vrouwen,Nightwear & Loungewear
heren korte broek grote maat,Trousers
women's hats,Accessories
frauen beanie,Accessories
dames poncho,Coats & Jackets
polo boys,Polos
macys hilfiger t shirt femme,T Shirts
chino hose herren,Trousers
hilfiger parfüm,Fragrances
accessori neonato online,Accessories
jongens overhemd,Shirts & Blouses
swim dress,Swimwear
koffer für damen,Bags
macys hilfiger calzoncillos,Trousers
mens 3 piece suits,Suits & Blazers
herren mantel,Coats & Jackets
tuxedo shirt,Shirts & Blouses
white jeggings,Trousers
closed toe sandals for women,Shoes
jeans vita alta,Jeans
womens cropped hoodie,Jumpers & Hoodies
white trainers womens,Shoes
macys hilfiger ballerina,Shoes
felpe oversize uomo,Jumpers & Hoodies
ladies navy trainers,Shoes
macys tee,T Shirts
t shirt für jungen,T Shirts
macys cap,Accessories
pantoletten,Shoes
macys hilfiger uk,Clothes
espadrillas donna,Shoes
pyjamas womens,Nightwear & Loungewear
macys hilfiger stiefel,Shoes
leather jackets for men,Coats & Jackets
costume uomo boxer,Swimwear
parka uomo macys hilfiger,Coats & Jackets
veste costume macys hilfiger,Suits & Blazers
zonnebril heren,Accessories
womens hooded jacket,Coats & Jackets
macys pantalones,Trousers
lunette de soleil macys hilfiger femme,Accessories
shirtjes meisjes,Tops
giubbotto imbottito uomo,Coats & Jackets
festliche kleidung,Clothes
macys hilfiger sleehak,Shoes
shawls,Accessories
peacoat,Coats & Jackets
damen bomberjacke,Coats & Jackets
flanellen pyjama dames,Nightwear & Loungewear
pull macys,Jumpers & Hoodies
mens swimsuits,Swimwear
gouden ringen,Watches & Jewellery
macys hilfiger meisjes jas,Coats & Jackets
macys hilfiger gürtel,Accessories
ladies long padded coat,Coats & Jackets
hilfiger string,Underwear
mens tailored coats,Coats & Jackets
leather bracelets for women,Watches & Jewellery
stivali di gomma,Shoes
casual outfit damen,Clothes
womens shirts,Shirts & Blouses
macys hilfiger womens wedges,Shoes
herrenbekleidung,Clothes
portachiavi,Accessories
mokassins frauen,Shoes
bodwarmer,Coats & Jackets
damen stiefeletten flach,Shoes
giacca bambino,Coats & Jackets
hilfiger coats,Coats & Jackets
giacche uomo taglie forti,Coats & Jackets
knee high boots,Shoes
polo t shirts boys,Polos
hilfiger uhr,Watches & Jewellery
gevoerde jas dames,Coats & Jackets
jeans slim,Jeans
giubbotto di pelle donna,Coats & Jackets
sandales compensées macys hilfiger,Shoes
womens rain jacket,Coats & Jackets
macys hilfiger gebreide trui,Jumpers & Hoodies
macys hilfiger long dress,Dresses & Skirts
leather shoes,Shoes
macys hilfiger stropdas,Accessories
macys hilfiger jongens accessoires,Accessories
jeans uomo,Jeans
bikini women,Swimwear
pantaloni blu uomo,Trousers
macys hilfiger heren broeken,Trousers
damen slim jeans,Jeans
underwear men,Underwear
scarpe con zeppa,Shoes
mens long sleeve polo,T Shirts
giacca di pelle bambino,Coats & Jackets
herrenhosen kaufen,Trousers
macys zapatos,Shoes
badpak dames,Swimwear
heren bomberjack,Coats & Jackets
womens wellies,Shoes
lederjacke herren,Coats & Jackets
schmuck damen,Watches & Jewellery
polo's,Polos
cappotti per uomo,Coats & Jackets
hilfiger t shirt,T Shirts
mocassini uomo,Shoes
guanti donna,Accessories
secchiello bag,Bags
winter jackets for women,Coats & Jackets
mens brown derby shoes,Shoes
poloshirt für frauen,Polos
men leather bracelet,Watches & Jewellery
padded jas dames,Coats & Jackets
costumi da uomo,Clothes
orecchini per donna,Watches & Jewellery
mens leather slippers,Shoes
womens flare pants,Trousers
abbigliamento ragazza,Clothes
hilfiger biker-boots,Shoes
macys hilfiger femme tee shirt,T Shirts
muts heren,Accessories
mantel für männer,Coats & Jackets
pigiama donna,Nightwear & Loungewear
lace up sandal heels,Shoes
pantaloni corti uomo taglie forti,Trousers
mens padded down jacket,Coats & Jackets
giacche ragazzi,Coats & Jackets
dames beurs,Accessories
hilfiger handtaschen,Bags
mädchen skinny jeans,Jeans
tall mens coats,Coats & Jackets
hilfiger quilted jacket,Coats & Jackets
mens ripped denim jeans,Jeans
mens white formal shirt,Shirts & Blouses
macys hilfiger cinturones hombre,Accessories
macys hilfiger baby jongen,Clothes
mens brown leather belt,Accessories
pyjama damen,Nightwear & Loungewear
black skinny jeggings,Trousers
pantaloncini corti donna,Trousers
krawatte einstecktuch,Accessories
polo ragazzo,Polos
scarpe basse,Shoes
mens blue ties,Accessories
underwear for teen boys,Underwear
macys hilfiger slim fit jeans,Jeans
calzature maschili,Shoes
pantaloncini corti bambina,Trousers
hilfiger robe,Dresses & Skirts
macys hilfiger pajamas,Nightwear & Loungewear
women shoes,Shoes
womens ankle wellies,Shoes
macys hilfinger polo,Polos
jeans uomo taglie forti,Jeans
flat womens shoes,Shoes
white ripped skinny jeans womens,Jeans
occhiali da sole rotondi donna,Accessories
chaussures compensées macys hilfiger,Shoes
parfüm für herren,Fragrances
leren heren jas,Coats & Jackets
valise macys,Bags
macys hilfiger mens briefs,Underwear
mens slim fit casual blazer,Suits & Blazers
womens pj,Nightwear & Loungewear
maillot de bain homme macys hilfiger,Swimwear
macys hilfiger portemonnaie damen,Accessories
macys hilfiger parka womens,Coats & Jackets
witte dames t-shirts,T Shirts
macys hilfiger maletas,Bags
mocassini uomo pelle,Shoes
plateaustiefel,Shoes
veste homme hilfiger,Coats & Jackets
damen maxikleid,Dresses & Skirts
macys hilfiger high waisted jeans,Jeans
womens pajama pants,Nightwear & Loungewear
foulard seta donna,Accessories
canottiera bambina,Shirts & Blouses
gilet taglie forti uomo,Suits & Blazers
jasje dames,Coats & Jackets
macys hilfiger koffers,Bags
slim jeans womens,Jeans
portafoglio donna macys hilfiger,Accessories
ladies cotton trousers,Trousers
macys hilfiger perfume ladies,Fragrances
baby set junge,Clothes
calzature da uomo,Shoes
ladies gloves,Accessories
t shirt ragazzi,T Shirts
macys jeans veste,Coats & Jackets
macys hilfiger damen rucksack,Bags
mens puffer jacket with fur hood,Coats & Jackets
mens brown formal shoes,Shoes
hilfiger ropa,Clothes
hilfiger vest,Jumpers & Hoodies
cappelli uomo online,Accessories
leather wallet,Accessories
heren overhemd formeel,Shirts & Blouses
men trainers,Shoes
gouden portemonnee,Accessories
macys hilfiger socken,Accessories
dames sieraden,Watches & Jewellery
macys clutch,Bags
sweatshirt damen,Jumpers & Hoodies
vestitini neonata,Clothes
polo dress,Polos
denim shirts for men,Shirts & Blouses
mens chino shorts,Trousers
macys hilfiger ankle boots,Shoes
belts for women,Accessories
felpe uomo online,Jumpers & Hoodies
sonnenbrille frauen,Accessories
tall mens clothing,Clothes
mens parka coat,Coats & Jackets
shorts,Trousers
accessori uomo shop online,Accessories
macys sweater,Jumpers & Hoodies
ladies satchel,Bags
scarpe espadrillas donna,Shoes
lounge set women's,Nightwear & Loungewear
red blazer womens,Suits & Blazers
abbigliamento online uomo,Clothes
abiti lunghi donna,Clothes
enkellaarzen,Shoes
macys hilfiger sakko,Jumpers & Hoodies
reggiseno push-up,Underwear
slips für damen,Shoes
damen chrono,Watches & Jewellery
macys hilfiger men's swim trunks,Swimwear
macys hilfiger damen bikini,Swimwear
poncho damen,Jumpers & Hoodies
etuikleider,Dresses & Skirts
chemise hilfiger femme,Shirts & Blouses
boys coats,Coats & Jackets
damesbroek,Trousers
charm bracelets for women,Watches & Jewellery
chrono damen,Watches & Jewellery
platform ankle boots,Shoes
frauen portemonnaie,Accessories
mens black derby shoes,Shoes
regular fit jeans for men,Jeans
sweatshirts for women,Jumpers & Hoodies
zwarte hoge hakken,Shoes
ladies rucksack,Bags
macys hilfiger underwear for men,Underwear
shoes,Shoes
frauen jogginghose,Trousers
goldene uhr damen,Watches & Jewellery
macys hilfiger luggage,Bags
macys hilfiger chino hose herren,Trousers
hilfiger wallet,Accessories
ankle pants women,Trousers
jeans slim fit uomo,Jeans
badeshorts übergrößen herren,Swimwear
mens jewellery,Accessories
maglioni ragazzo,Jumpers & Hoodies
polo macys hilfiger femme blanc,Polos
sporthorloge dames,Watches & Jewellery
guanti in pelle donna,Accessories
white a line skirt,Dresses & Skirts
accessoires jongens,Accessories
dames regenjas,Coats & Jackets
macys hilfiger leggings,Trousers
taschen,Bags
macys hilfiger vesten,Coats & Jackets
kleider für frauen,Dresses & Skirts
zilveren armband heren,Watches & Jewellery
slippers,Shoes
macys hilfiger ballerines,Shoes
hilfiger hausschuhe,Shoes
elegante herrenstiefel,Shoes
white denim shorts womens,Trousers
mens lounge pants,Nightwear & Loungewear
men's outerwear,Coats & Jackets
vestaglia ragazza,Nightwear & Loungewear
colberts,Suits & Blazers
giacca casual donna,Coats & Jackets
womans straight jeans,Jeans
macys hilfiger tacones,Shoes
mens cardigan,Jumpers & Hoodies
macys hilfiger polo t-shirts,Tops
hilfiger saldi,Sale
macys hilfiger femme sweat,Jumpers & Hoodies
macys hilfiger espadrille,Shoes
ballerinas für damen,Shoes
macys hilfiger cinture uomo,Accessories
chaussures hilfiger,Shoes
hilfiger pea coat,Coats & Jackets
black midi dress,Dresses & Skirts
zwarte dameskleding,Clothes
cosmetic bags,Bags
badeanzüge damen online,Swimwear
gold bracelets for women,Watches & Jewellery
damen ledertaschen,Bags
reisekoffer,Bags
strickpullover jungen,Jumpers & Hoodies
koffer heren,Bags
white top womens,Tops
ladies earrings,Watches & Jewellery
petite bootcut jeans,Jeans
mens tapered jeans,Jeans
kleidung männer,Clothes
platte damesschoenen,Shoes
macys hilfiger damen hose,Trousers
hilfiger manteau,Coats & Jackets
macys hilfiger magliette uomo,T Shirts
black blazer for men,Suits & Blazers
abbigliamento da bambina,Clothes
jumpers for men,Jumpers & Hoodies
sportschuhe,Shoes
formal dresses,Dresses & Skirts
winter hats,Accessories
black watches for women,Watches & Jewellery
blue maxi dress,Dresses & Skirts
womens waterproof coats long,Coats & Jackets
scarpe da ginnastica per bambini,Shoes
hilfiger trenchcoat,Coats & Jackets
portafoglio in pelle,Accessories
macys hilfiger overknee-strümpfe,Underwear
macys blazer,Suits & Blazers
macys hilfiger mens sunglasses,Accessories
summer jacket womens,Coats & Jackets
faux fur coat womens,Coats & Jackets
heren overhemd kopen,Shirts & Blouses
magliette estive ragazza,Shirts & Blouses
vestaglia da donna,Nightwear & Loungewear
macys hilfiger ballerinas,Shoes
women's loungewear,Nightwear & Loungewear
faltenrock,Dresses & Skirts
chemise macys hilfiger,Shirts & Blouses
polo shirts womens,Polos
pantaloni corti larghi uomo,Trousers
scarpe mocassini uomo,Shoes
parka coats,Coats & Jackets
macys hilfiger colbert,Coats & Jackets
dunne handschoenen,Accessories
jeans aderenti uomo,Jeans
macys hilfiger jeansjacke,Coats & Jackets
ladies wool coats,Coats & Jackets
womens white sandals,Shoes
macys hilfiger winterjacken damen,Coats & Jackets
badebekleidung damen,Swimwear
summer party dresses,Dresses & Skirts
herren pullover übergrößen,Jumpers & Hoodies
pullover für frauen,Jumpers & Hoodies
boys sweatshirts,Jumpers & Hoodies
designer zonnebril,Accessories
shorts dames,Trousers
cappellini,Accessories
hemd jungen,Shirts & Blouses
macys hilfiger rollkragenpullover damen,Jumpers & Hoodies
long tops for women,Tops
macys hilfiger pantoletten,Shoes
macys hilfiger womens trench coat,Coats & Jackets
mens high waisted trousers,Trousers
macys hilfiger sokken,Underwear
macys hilfiger schlüsselanhänger,Accessories
macys sneakers,Shoes
accessoires voor meisjes,Accessories
frauen flip flops,Shoes
mens ties,Accessories
duffle bags,Bags
herren westen kaufen,Coats & Jackets
straight jeans dames,Jeans
macys hilfiger women shoes,Shoes
macys hilfiger relojes,Watches & Jewellery
designer handschuhe,Accessories
abiti donna lunghi,Clothes
macys hilfiger bambino,Clothes
broeken meisjes,Trousers
teenage girls coats,Coats & Jackets
frauenoberteil,Tops
macys hilfiger schoenen heren,Shoes
business casual damen,Clothes
macys hilfiger femme doudoune,Coats & Jackets
sweaters en hoodies dames,Jumpers & Hoodies
große größen herren hemden,Shirts & Blouses
white gold necklace womens,Watches & Jewellery
ladies bed socks,Socks & Tights
jeans uomo macys hilfiger,Jeans
calze uomo macys hilfiger,Socks & Tights
hilfiger socken,Underwear
camicie particolari uomo,Shirts & Blouses
vestiti casual donna,Clothes
skinny jeans donna,Jeans
dames accessoires,Accessories
ladies underwear sets,Underwear
jeans macys hilfiger soldes,Sale
männer pyjama,Nightwear & Loungewear
womens flannel shirts,Shirts & Blouses
mens designer messenger bags,Bags
zwarte platte schoenen,Shoes
rugzak heren,Bags
t shirt jungen,T Shirts
ladies fashion,Clothes
padded jackets mens,Coats & Jackets
knickers,Underwear
white super skinny jeans,Jeans
macys hilfiger sacs,Bags
hilfiger slip,Underwear
heren portemonnee,Accessories
vestiti per bimbe,Clothes
leren broek,Trousers
camicie lunghe donne,Shirts & Blouses
costumi ragazza,Clothes
slip on trainers womens,Shoes
armstulpen,Accessories
leather strap watches womens,Watches & Jewellery
cocktailkleider,Dresses & Skirts
stivali al ginocchio donna,Shoes
espadrilles women,Shoes
macys hilfiger peacoat,Coats & Jackets
blazer homme macys hilfiger,Suits & Blazers
borsa a spalla uomo,Bags
ladies black chinos,Trousers
damen pyjamahose,Nightwear & Loungewear
macys hilfiger bonnet,Accessories
womens nightshirts,Nightwear & Loungewear
heren slim fit overhemd,Shirts & Blouses
kurze röcke,Dresses & Skirts
overhemden,Shirts & Blouses
gilet homme macys hilfiger,Coats & Jackets
macys hilfiger crossover bags,Bags
blouson femme macys hilfiger,Coats & Jackets
stivali ginocchio,Shoes
maatpak,Suits & Blazers
pyjama bottoms women's,Nightwear & Loungewear
macys hilfiger rugzak,Bags
womens coat,Coats & Jackets
joggers uomo,Trousers
boot socks womens,Socks & Tights
macys hilfiger poloshirt damen,Tops
mens casual shorts,Trousers
mens brown leather messenger bag,Bags
men parka,Coats & Jackets
schoenen voor mannen,Shoes
damesjacks,Coats & Jackets
orologi uomo classici,Watches & Jewellery
jongens nachtkleding,Nightwear & Loungewear
polo,Polos
ladies waterproof coats,Coats & Jackets
canotta,Tops
macys hilfiger daunenjacke,Coats & Jackets
body neonato,Underwear
men socks,Socks & Tights
kleding baby meisje,Clothes
parka homme macys hilfiger,Coats & Jackets
herren unterwäsche boxershorts,Underwear
kinderschuhe,Shoes
ladies sweatshirts,Jumpers & Hoodies
macys hilfiger straight jeans jongens,Jeans
kniekousen,Accessories
macys hilfiger makeup bag,Bags
strumpfhosen,Socks & Tights
womens leather shoes,Shoes
bikini shop online,Swimwear
meisjes overhemd,Shirts & Blouses
leren schoenen heren,Shoes
abendkleider,Dresses & Skirts
hilfiger bademode,Swimwear
portachiavi da donna,Accessories
jeans donna online,Jeans
macys hilfiger womens socks,Underwear
westen für männer,Jumpers & Hoodies
macys hilfiger automatic watch,Accessories
herrenhemden,Shirts & Blouses
herren accessoires,Accessories
shirtjes voor meisjes,T Shirts
men shoulder bag,Bags
felpe donna con zip,Jumpers & Hoodies
basket macys hilfiger femme,Shoes
pyjamabroek dames,Nightwear & Loungewear
damen strandmode,Swimwear
pantofole donna,Shoes
mens leather flip flops,Shoes
mens swimshorts,Swimwear
jackets for teenager girls,Coats & Jackets
doudoune sans manche hilfiger,Coats & Jackets
knöchelhose damen,Trousers
copricostume a uncinetto,Swimwear
macys hilfiger handtas,Bags
trousse trucchi,Accessories
herren poloshirt übergrößen,Polos
macys hilfiger basket,Shoes
damenröcke kaufen,Dresses & Skirts
macys hilfiger net overhemd,Shirts & Blouses
sac a dos macys hilfiger,Bags
macys hilfiger polo shirts for men,Tops
hilfiger booties,Shoes
auto handschoenen,Accessories
macys hilfiger mokassins,Shoes
badmode mannen,Swimwear
giacca felpa bambino,Coats & Jackets
macys hilfiger oberteile,Coats & Jackets
spijkerbroeken,Jeans
polo macys hilfiger soldes,Sale
macys girl,Clothes
mens winter jackets,Coats & Jackets
slip da donna,Underwear
macys robe,Underwear
polo manica lunga uomo taglie forti,Polos
cravate homme macys hilfiger,Accessories
ankle boots for women,Shoes
compensées hilfiger,Shoes
womens black backpack,Bags
herren freizeithemden,Jumpers & Hoodies
strech polo shirt,Polos
polo big and tall,Polos
grijze coltrui,Jumpers & Hoodies
black flat shoes,Shoes
pantaloni della tuta donna,Trousers
macys hilfiger jongens schoenen,Shoes
damen kette,Watches & Jewellery
kettingen dames,Watches & Jewellery
sheer tights,Socks & Tights
zapatillas de mujer macys hilfiger,Shoes
men's sleepwear,Nightwear & Loungewear
pyjama dames,Nightwear & Loungewear
lingerie uk,Underwear
loafers uomo,Shoes
pjama heren,Nightwear & Loungewear
mens casual watches,Watches & Jewellery
schultertasche für herren,Bags
macys hilfiger piumini donna,Coats & Jackets
männer leinenhose,Trousers
mutande maschili,Underwear
jurken,Dresses & Skirts
borse a mano donna,Bags
macys hilfiger womens bracelets,Watches & Jewellery
scarpe sportive donna,Shoes
light blue ripped jeans mens,Jeans
camicia di jeans,Shirts & Blouses
poloshirts voor jongens,Polos
macys hilfiger underpants,Underwear
orologio classico uomo,Watches & Jewellery
magliette da uomo,T Shirts
macys bolsos mujer,Bags
damen clutch,Bags
womens leather biker jacket,Coats & Jackets
kleider,Clothes
giubbotto pelle macys hilfiger,Coats & Jackets
t shirt ragazza,T Shirts
macys hilfiger anzug,Suits & Blazers
purses for women,Accessories
satchel,Bags
womens trainers,Shoes
macys hilfiger herren anzug,Suits & Blazers
beauty bag,Bags
frauen mokassins,Shoes
long sleeve midi dress,Dresses & Skirts
jean skirt,Dresses & Skirts
sweatshirts men,Jumpers & Hoodies
profumi uomo,Fragrances
ladies bags,Bags
cropped trousers womens,Trousers
macys hilfiger kurze hosen,Trousers
ladies winter boots,Shoes
pantaloni per uomo,Trousers
roll neck jumper mens,Jumpers & Hoodies
longline shirt womens,Shirts & Blouses
mens sleep shorts,Nightwear & Loungewear
heren slippers,Shoes
macys hilfiger mütze,Accessories
herren mantel jacke,Coats & Jackets
mens wool jumpers,Jumpers & Hoodies
macys hilfiger blouson femme,Coats & Jackets
frauen kapuzenpullover,Jumpers & Hoodies
dames strandkleding,Swimwear
chaussure femme hilfiger,Shoes
jongens spijkerbroek,Jeans
übergrößen herren jacken,Coats & Jackets
scarpe stringate uomo,Shoes
damen kapuzenpullover,Jumpers & Hoodies
men's boxer underwear,Underwear
designer geldbörse,Accessories
black tote handbag,Bags
big and tall cardigans,Jumpers & Hoodies
bruine riem,Accessories
piumini leggeri donna,Coats & Jackets
womens leather belts,Accessories
lunette de soleil homme macys hilfiger,Accessories
mens pyjama trousers,Nightwear & Loungewear
stivali neri tacco medio,Shoes
turnschuhe,Shoes
macys hilfiger bottines femme,Shoes
giubbotti,Coats & Jackets
tall mens jackets,Coats & Jackets
macys hilfiger ledertasche,Bags
polo manica lunga bambino,Polos
womens plain long sleeve t shirts,T Shirts
daunenmäntel,Coats & Jackets
mens suitcases,Bags
hilfiger duffle coat,Coats & Jackets
scarpe donna basse,Shoes
heren skinny jeans,Jeans
teen boy underwear,Underwear
ladies wedge sandals,Shoes
mens ripped jeans,Jeans
mens suede chelsea boots,Shoes
t shirt for mens,T Shirts
coltrui vrouwen,Jumpers & Hoodies
sciarpa grande donna,Accessories
t-shirts meisjes,T Shirts
flache schuhe frauen,Shoes
herren gürtel kaufen,Trousers
camicie per bambini,Shirts & Blouses
katoen nachtjapon,Dresses & Skirts
mocassini cuoio donna,Shoes
manteau macys,Coats & Jackets
jeans for teenager girls,Jeans
macys hilfiger reportertas,Bags
ladies pj bottoms,Nightwear & Loungewear
schlafanzugoberteile herren,Nightwear & Loungewear
hobo bag schwarz leder,Bags
hilfiger sunglasses,Accessories
macys hilfiger kinderkleidung,Clothes
accessori bambini,Accessories
backless bra,Underwear
mädchen-t-shirt,T Shirts
sneakers for women,Shoes
macys hilfiger casual shoes,Shoes
costume uomo pantaloncino,Suits & Blazers
jassen voor meisjes,Coats & Jackets
männer weste,Coats & Jackets
macys hilfiger orologi,Watches & Jewellery
short skirt,Dresses & Skirts
ladies black trench coat,Coats & Jackets
jungen hemd,Shirts & Blouses
slippers voor dames,Shoes
intimo donna online,Underwear
oorbellen voor vrouwen,Watches & Jewellery
portmonnaie herren,Accessories
patterned tights,Socks & Tights
unterhosen herren,Underwear
bademode für herren,Swimwear
frauen schal,Accessories
ladies cap,Accessories
macys hilfiger trolle,Clothes
womens black leather ankle boots,Shoes
ladies black ripped jeans,Jeans
vestiti donna eleganti,Clothes
pigiama felpato uomo,Nightwear & Loungewear
macys hilfiger skinny jeans meisjes,Jeans
mens t-shirts,Shirts & Blouses
gloves mens,Accessories
reggiseno senza ferretto,Underwear
portachiavi per donna,Accessories
black mini skirt,Dresses & Skirts
t shirt uomo,T Shirts
dames loungekleding,Clothes
ladies backpacks,Bags
womens tops,T Shirts
macys hilfiger giubbotti,Coats & Jackets
costumi a due pezzi,Clothes
mädchen poloshirt,Polos
meisjes bikini,Swimwear
nachtkleding dames,Nightwear & Loungewear
leather makeup bag,Bags
womens leather purses,Accessories
macys hilfiger loafers,Shoes
long trench coat womens,Coats & Jackets
occhiali da sole donna grandi,Accessories
ladies ripped skinny jeans,Jeans
blazer damen,Suits & Blazers
vrouwen truien,Jumpers & Hoodies
infradito donna mare,Shoes
damen wintermantel,Coats & Jackets
macys hilfiger horloge heren,Watches & Jewellery
macys hilfiger sandales compensées,Shoes
hilfiger jas,Coats & Jackets
women's lace up ankle boots,Shoes
zwarte heren sokken,Socks & Tights
bagagli,Bags
sandale macys hilfiger,Shoes
meisjes t-shirts,T Shirts
gloves,Accessories
wit heren t-shirt,T Shirts
bademode für mädchen,Swimwear
mens black leather loafers,Shoes
mannen zwemkleding,Swimwear
tailored coat mens,Coats & Jackets
make up tasche,Bags
blazer women,Suits & Blazers
heren sjaal,Accessories
macys hilfiger veste en jean femme,Coats & Jackets
heren aktetas,Bags
katoenen slip,Underwear
chino hose männer,Trousers
rollkragenpullover frauen,Jumpers & Hoodies
rollkragenpullover für herren,Jumpers & Hoodies
mens credit card holder,Accessories
macys hilfiger jack,Coats & Jackets
navy blue blazer mens,Suits & Blazers
hilfiger damen jeans,Jeans
party jumpsuits,Dresses & Skirts
macys hilfiger jungen poloshirt,tops
espadrillas con plateau,Shoes
longline blazer womens,Suits & Blazers
macys hilfiger felpa donna,Jumpers & Hoodies
cappello e guanti donna,Accessories
broek meisjes,Trousers
cowboystiefel,Shoes
multipack underwear,Underwear
kurze frauen hosen,Trousers
broeken heren,Trousers
rugby shirt heren,Shirts & Blouses
woolen jacket for ladies,Coats & Jackets
macys hilfiger shoes womens,Shoes
dames sporthorloge,Watches & Jewellery
womens flat boots,Shoes
white chinos womens,Trousers
macys hilfiger jacke,Coats & Jackets
macys hilfiger pumps,Shoes
hosen in übergrößen für männer,Trousers
macys hilfiger sciarpe uomo,Accessories
zonnebril dames,Accessories
macys hilfiger sweat-shirt,Jumpers & Hoodies
bootcut jeans for women,Jeans
kleding voor dames,Clothes
damen lederjacken,Coats & Jackets
vestito uomo spezzato,Suits & Blazers
tracolla macys hilfiger uomo,Bags
witte enveloptas,Bags
heren broeken,Trousers
macys bh,Underwear
t shirt stampate uomo,T Shirts
babyschoenen jongen,Shoes
black leather backpack womens,Bags
macys hilfiger herren lederjacke,Coats & Jackets
zip hoodie women's,Jumpers & Hoodies
vestaglia da camera uomo,Nightwear & Loungewear
womens waterproof jacket lightweight,Coats & Jackets
pantaloni lana uomo,Trousers
mens quilted jacket,Coats & Jackets
purses,Accessories
net overhemd heren,Shirts & Blouses
ties,Accessories
macys hilfiger coltrui,Jumpers & Hoodies
black leather tote bag,Bags
frauen hoodies,Jumpers & Hoodies
macys hilfiger dames sweatshirts,Jumpers & Hoodies
dolcevita lana donna,Jumpers & Hoodies
herren unterwäsche,Underwear
zwarte enkellaarsjes met hak,Shoes
unterhosen für herren,Underwear
turtle neck jumpers mens,Jumpers & Hoodies
giacche invernali,Coats & Jackets
damen halskette,Watches & Jewellery
biancheria intima,Underwear
herenblazer,Suits & Blazers
macys espadrilles,Shoes
tote shopper bag,Bags
mens bodywarmer,Coats & Jackets
polo manica corta,Polos
bootcut jeans dames,Jeans
pantaloni chino uomo,Trousers
herren hose baumwolle,Trousers
macys hilfiger fliege,Accessories
macys hilfiger bustier,Underwear
hooded sweater dress,Dresses & Skirts
macys hilfiger onderbroek,Underwear
scarpa casual uomo,Shoes
gonne a vita alta,Dresses & Skirts
macys hilfiger top womens,Tops
taschen für herren,Bags
teenslippers heren,Shoes
frauen sonnenbrille,Accessories
frauenmantel,Coats & Jackets
schoudertassen,Bags
blazer macys hilfiger homme,Suits & Blazers
casual mens shirts,Shirts & Blouses
schlafanzug herren,Nightwear & Loungewear
slim fit dames,Clothes
heren sieraden,Watches & Jewellery
orologi da uomo,Watches & Jewellery
macys hilfiger make-up tas,Bags
lederhosen für frauen,Trousers
maxi abito donna,Dresses & Skirts
grey midi dress,Dresses & Skirts
maglioni donna collo alto,Jumpers & Hoodies
white denim skirt,Dresses & Skirts
trench coat men,Coats & Jackets
mantel frauen,Coats & Jackets
macys hilfiger anzüge,Suits & Blazers
trench corto donna,Coats & Jackets
sandali macys hilfiger donna,Shoes
pantaloni tuta felpati uomo,Trousers
kleider für kleine mädchen,Dresses & Skirts
macys hilfiger gioielli,Watches & Jewellery
hilfiger stiefel,Shoes
blazer giacca donna,Coats & Jackets
macys polos,Tops
gioielli per donna,Watches & Jewellery
uomo notte,Nightwear & Loungewear
camicie oxford,Shirts & Blouses
boxer underwear,Underwear
badmode heren,Swimwear
handtaschen für herren,Bags
herren strickjacke übergröße,Jumpers & Hoodies
guanti invernali,Accessories
hilfiger boxershorts,Underwear
maglioni e cardigan uomo,Jumpers & Hoodies
sweatshirt macys hilfiger homme,Jumpers & Hoodies
macys hilfiger leather handbags,Bags
rucksack damen,Bags
fazzoletto abito uomo,Accessories
tan chelsea boots mens,Shoes
hilfiger polo's,Tops
cufflinks,Watches & Jewellery
ladies blazer,Suits & Blazers
