Column1,Column2
abbigliamento da bambina,Clothes
abiti donna online,Dresses & Skirts
accessori bambini on line,Accessories
badpak voor dames,Swimwear
beauty bag,Bags
bermuda bambino,Trousers
black cardigan womens,Jumpers & Hoodies
black shirt womens,Shirts & Blouses
blazers for women,Suits & Blazers
bomberjacke frauen,Coats & Jackets
bootsschuhe macys hilfiger herren,Shoes
borse a tracolla da donna,Bags
boxers,Underwear
bracciali donna,Watches & Jewellery
calzature maschili,Shoes
calze sportive donna,Socks & Tights
camicia da notte ragazza,Nightwear & Loungewear
cardigan nero donna,Jumpers & Hoodies
cinture macys hilfiger uomo,Accessories
classic women watches,Watches & Jewellery
costume intero da donna,Swimwear
dames oorbellen,Watches & Jewellery
dunne handschoenen,Accessories
espadrillas donna zeppa,Shoes
frauen parka,Coats & Jackets
frauen schuhe,Shoes
frauenshorts,Trousers
giacche taglie forti uomo,Coats & Jackets
heren accessoires,Accessories
heren jassen,Coats & Jackets
herren bootsschuhe,Shoes
hilfiger herren schuhe,Shoes
hilfiger jas,Coats & Jackets
hilfiger kleidung,Clothes
jean slim macys hilfiger homme,Jeans
jeans donna macys hilfiger,Jeans
jeggings,Trousers
knit sweater dress,Dresses & Skirts
kurze damenhosen,Trousers
ladies pyjama sets,Nightwear & Loungewear
ladies watches uk,Watches & Jewellery
lange jurken,Dresses & Skirts
macys duffle coat,Coats & Jackets
macys femme,Clothes
macys hilfiger camisetas mujer,T Shirts
macys hilfiger denim jacket,Coats & Jackets
macys hilfiger doudoune femme,Coats & Jackets
macys hilfiger hoodies,Jumpers & Hoodies
macys hilfiger kartenetui,Accessories
macys hilfiger loafers,Shoes
macys hilifiger boys tops,Tops
macys kinderkleding,Clothes
macys tank top,Tops
magliette tinta unita bambino,Shirts & Blouses
maglioni lana donna,Jumpers & Hoodies
maillot de bain macys homme,Swimwear
make up trousse,Accessories
mens gillet,Coats & Jackets
mens leather chelsea boots,Shoes
mens ripped jeans,Jeans
men's slippers,Shoes
mens suits,Suits & Blazers
mocassini sportivi donna,Shoes
motorjas heren,Coats & Jackets
neonato accessori,Accessories
occhiali da sole macys hilfiger donna,Accessories
occhiali da sole rotondi donna,Accessories
pantaloni neri donna,Trousers
perizoma donna,Underwear
scarpa casual uomo,Shoes
skinn jeans,Jeans
slim fit blazer herren,Suits & Blazers
small makeup bag,Bags
sport horloge heren,Watches & Jewellery
stivaletti chelsea uomo,Shoes
stivaletti con zeppa,Shoes
stivali biker,Shoes
summer jacket womens,Coats & Jackets
super skinny ripped jeans womens,Jeans
tote shopper bag,Bags
trousse make up,Accessories
white shirt dress,Dresses & Skirts
winter boots for women,Shoes
winter trenchcoat damen,Coats & Jackets
wollen handschoenen,Accessories
womens knee high socks,Socks & Tights
womens knitted jumpers,Jumpers & Hoodies
womens long socks,Socks & Tights
women's loungewear sets,Nightwear & Loungewear
women's underwear,Underwear
womens waterproof coats with hoods,Coats & Jackets
