beauty bag,Bags
black cardigan womens,Jumpers & Hoodies
black shirt womens,Shirts & Blouses
blazers for women,Suits & Blazers
boxers,Underwear
classic women watches,Watches & Jewellery
jeans donna macys hilfiger,Jeans
jeggings,Trousers
knit sweater dress,Dresses & Skirts
ladies pyjama sets,Nightwear & Loungewear
ladies watches uk,Watches & Jewellery
macys duffle coat,Coats & Jackets
macys hilfiger denim jacket,Coats & Jackets
macys hilfiger hoodies,Jumpers & Hoodies
macys hilfiger loafers,Shoes
macys hilifiger boys tops,Tops
macys tank top,Tops
mens leather chelsea boots,Shoes
mens ripped jeans,Jeans
men's slippers,Shoes
mens suits,Suits & Blazers
small makeup bag,Bags
summer jacket womens,Coats & Jackets
super skinny ripped jeans womens,Jeans
tote shopper bag,Bags
white shirt dress,Dresses & Skirts
winter boots for women,Shoes
womens knee high socks,Socks & Tights
womens knitted jumpers,Jumpers & Hoodies
womens long socks,Socks & Tights
women's loungewear sets,Nightwear & Loungewear
women's underwear,Underwear
womens waterproof coats with hoods,Coats & Jackets
